variable,count,mean,std,min,25%,50%,75%,max,original
dummy1,1000.0,0.0003486239033876756,0.010831914713860729,-0.0308574056597237,-0.006839887731062125,0.0005913875622045,0.007250729044664575,0.0409977677065001,0.0096812726306723
dummy2,1000.0,7.814130521222019e-05,0.010696860280285636,-0.0323139164823684,-0.00731644615716545,0.00066644675587985,0.007297698552613375,0.0326671931957576,0.0087653856211744
x1,1000.0,0.07994655739640506,2.9900221314973097,-10.26390901133124,-1.9809196917397707,-0.06454317370831104,2.193731292485837,28.203885282834428,28.203885282834428
x2,1000.0,-0.05422121120501049,7.620690743474987,-29.88551851000836,-4.68149336400412,-0.19192917774688395,4.596720626799836,75.05185762876334,75.05185762876334
x3,1000.0,0.02056255824363746,1.9021516538591172,-5.864961924190819,-1.2551840114723642,0.068179030255143,1.2220114755055622,17.75482943632785,17.75482943632785
